number,name,status
1,PEP 1 – PEP Purpose and Guidelines,
102,PEP 102 – Doing Python Micro Releases,
202,PEP 202 – List Comprehensions,
101,PEP 101 – Doing Python Releases 101,
200,PEP 200 – Python 2.0 Release Schedule,
160,PEP 160 – Python 1.6 Release Schedule,
201,PEP 201 – Lockstep Iteration,
103,PEP 103 – Collecting information about git,
204,PEP 204 – Range Literals,
203,PEP 203 – Augmented Assignments,
20,PEP 20 – The Zen of Python,
13,PEP 13 – Python Language Governance,
12,PEP 12 – Sample reStructuredText PEP Template,
11,PEP 11 – CPython platform support,
42,PEP 42 – Feature Requests,
100,PEP 100 – Python Unicode Integration,
324,PEP 324 – subprocess - New process module,
493,PEP 493 – HTTPS verification migration tools for Python 2.7,
640,PEP 640 – Unused variable syntax,
662,PEP 662 – Editable installs via virtual wheels,
661,PEP 661 – Sentinel Values,
663,"PEP 663 – Standardizing Enum str(), repr(), and format() behaviors",
660,PEP 660 – Editable installs for pyproject.toml based builds (wheel based),
658,PEP 658 – Serve Distribution Metadata in the Simple Repository API,
686,PEP 686 – Make UTF-8 mode default,
659,PEP 659 – Specializing Adaptive Interpreter,
8103,PEP 8103 – 2022 Term Steering Council election,
8100,PEP 8100 – January 2019 Steering Council election,
8101,PEP 8101 – 2020 Term Steering Council election,
8102,PEP 8102 – 2021 Term Steering Council election,
8104,PEP 8104 – 2023 Term Steering Council election,
8016,PEP 8016 – The Steering Council Model,
8015,PEP 8015 – Organization of the Python community,
8014,PEP 8014 – The Commons Governance Model,
8010,PEP 8010 – The Technical Leader Governance Model,
8013,PEP 8013 – The External Council Governance Model,
8011,PEP 8011 – Python Governance Model Lead by Trio of Pythonistas,
8002,PEP 8002 – Open Source Governance Survey,
8012,PEP 8012 – The Community Governance Model,
8001,PEP 8001 – Python Governance Voting Process,
8000,PEP 8000 – Python Language Governance Proposal Overview,
3154,PEP 3154 – Pickle protocol version 4,
3155,PEP 3155 – Qualified name for classes and functions,
3333,PEP 3333 – Python Web Server Gateway Interface v1.0.1,
3156,PEP 3156 – Asynchronous IO Support Rebooted: the “asyncio” Module,
3152,PEP 3152 – Cofunctions,
3153,PEP 3153 – Asynchronous IO support,
3151,PEP 3151 – Reworking the OS and IO exception hierarchy,
3148,PEP 3148 – futures - execute computations asynchronously,
3149,PEP 3149 – ABI version tagged .so files,
3150,PEP 3150 – Statement local namespaces (aka “given” clause),
3147,PEP 3147 – PYC Repository Directories,
3146,PEP 3146 – Merging Unladen Swallow into CPython,
3145,PEP 3145 – Asynchronous I/O For subprocess.Popen,
3144,PEP 3144 – IP Address Manipulation Library for the Python Standard Library,
3143,PEP 3143 – Standard daemon process library,
3142,PEP 3142 – Add a “while” clause to generator expressions,
3141,PEP 3141 – A Type Hierarchy for Numbers,
3140,"PEP 3140 – str(container) should call str(item), not repr(item)",
3139,PEP 3139 – Cleaning out sys and the “interpreter” module,
3137,PEP 3137 – Immutable Bytes and Mutable Buffer,
3138,PEP 3138 – String representation in Python 3000,
3136,PEP 3136 – Labeled break and continue,
3135,PEP 3135 – New Super,
3134,PEP 3134 – Exception Chaining and Embedded Tracebacks,
3133,PEP 3133 – Introducing Roles,
3132,PEP 3132 – Extended Iterable Unpacking,
3131,PEP 3131 – Supporting Non-ASCII Identifiers,
3129,PEP 3129 – Class Decorators,
3130,PEP 3130 – Access to Current Module/Class/Function,
3127,PEP 3127 – Integer Literal Support and Syntax,
3128,PEP 3128 – BList: A Faster List-like Type,
3125,PEP 3125 – Remove Backslash Continuation,
3123,PEP 3123 – Making PyObject_HEAD conform to standard C,
3126,PEP 3126 – Remove Implicit String Concatenation,
3122,PEP 3122 – Delineation of the main module,
3124,"PEP 3124 – Overloading, Generic Functions, Interfaces, and Adaptation",
3121,PEP 3121 – Extension Module Initialization and Finalization,
3119,PEP 3119 – Introducing Abstract Base Classes,
3120,PEP 3120 – Using UTF-8 as the default source encoding,
3117,PEP 3117 – Postfix type declarations,
3116,PEP 3116 – New I/O,
3118,PEP 3118 – Revising the buffer protocol,
3115,PEP 3115 – Metaclasses in Python 3000,
3114,PEP 3114 – Renaming iterator.next() to iterator.__next__(),
3113,PEP 3113 – Removal of Tuple Parameter Unpacking,
3111,PEP 3111 – Simple input built-in in Python 3000,
3112,PEP 3112 – Bytes literals in Python 3000,
3110,PEP 3110 – Catching Exceptions in Python 3000,
3107,PEP 3107 – Function Annotations,
3109,PEP 3109 – Raising Exceptions in Python 3000,
3108,PEP 3108 – Standard Library Reorganization,
3106,"PEP 3106 – Revamping dict.keys(), .values() and .items()",
3105,PEP 3105 – Make print a function,
3102,PEP 3102 – Keyword-Only Arguments,
3103,PEP 3103 – A Switch/Case Statement,
3104,PEP 3104 – Access to Names in Outer Scopes,
3099,PEP 3099 – Things that will Not Change in Python 3000,
3101,PEP 3101 – Advanced String Formatting,
3100,PEP 3100 – Miscellaneous Python 3.0 Plans,
3002,PEP 3002 – Procedure for Backwards-Incompatible Changes,
3003,PEP 3003 – Python Language Moratorium,
3001,PEP 3001 – Procedure for reviewing and improving standard library modules,
3000,PEP 3000 – Python 3000,
754,PEP 754 – IEEE 754 Floating Point Special Values,
727,PEP 727 – Documentation Metadata in Typing,
801,PEP 801 – Reserved,
726,PEP 726 – Module,
725,PEP 725 – Specifying external dependencies in pyproject.toml,
723,PEP 723 – Embedding pyproject.toml in single-file scripts,
722,PEP 722 – Dependency specification for single-file scripts,
721,PEP 721 – Using tarfile.data_filter for source distribution extraction,
715,PEP 715 – Disabling bdist_egg distribution uploads on PyPI,
719,PEP 719 – Python 3.13 Release Schedule,
720,PEP 720 – Cross-compiling Python packages,
718,PEP 718 – Subscriptable functions,
713,PEP 713 – Callable Modules,
712,PEP 712 – Adding a “converter” parameter to dataclasses.field,
714,PEP 714 – Rename dist-info-metadata in the Simple API,
711,PEP 711 – PyBI: a standard format for distributing Python Binaries,
709,PEP 709 – Inlined comprehensions,
708,PEP 708 – Extending the Repository API to Mitigate Dependency Confusion Attacks,
705,PEP 705 – TypedMapping: Type Hints for Mappings with a Fixed Set of Keys,
710,PEP 710 – Recording the provenance of installed packages,
704,PEP 704 – Require virtual environments by default for package installers,
707,PEP 707 – A simplified signature for __exit__ and __aexit__,
706,PEP 706 – Filter for tarfile.extractall,
701,PEP 701 – Syntactic formalization of f-strings,
700,PEP 700 – Additional Fields for the Simple API for Package Indexes,
699,PEP 699 – Remove private dict version field added in PEP 509,
702,PEP 702 – Marking deprecations using the type system,
698,PEP 698 – Override Decorator for Static Typing,
696,PEP 696 – Type defaults for TypeVarLikes,
697,PEP 697 – Limited C API for Extending Opaque Types,
703,PEP 703 – Making the Global Interpreter Lock Optional in CPython,
695,PEP 695 – Type Parameter Syntax,
694,PEP 694 – Upload 2.0 API for Python Package Repositories,
693,PEP 693 – Python 3.12 Release Schedule,
692,PEP 692 – Using TypedDict for more precise **kwargs typing,
691,PEP 691 – JSON-based Simple API for Python Package Indexes,
690,PEP 690 – Lazy Imports,
689,PEP 689 – Unstable C API tier,
685,PEP 685 – Comparison of extra names for optional distribution dependencies,
687,PEP 687 – Isolating modules in the standard library,
688,PEP 688 – Making the buffer protocol accessible in Python,
684,PEP 684 – A Per-Interpreter GIL,
683,"PEP 683 – Immortal Objects, Using a Fixed Refcount",
682,PEP 682 – Format Specifier for Signed Zero,
681,PEP 681 – Data Class Transforms,
680,PEP 680 – tomllib: Support for Parsing TOML in the Standard Library,
679,PEP 679 – Allow parentheses in assert statements,
678,PEP 678 – Enriching Exceptions with Notes,
677,PEP 677 – Callable Type Syntax,
676,PEP 676 – PEP Infrastructure Process,
674,PEP 674 – Disallow using macros as l-values,
675,PEP 675 – Arbitrary Literal String Type,
673,PEP 673 – Self Type,
672,PEP 672 – Unicode-related Security Considerations for Python,
671,PEP 671 – Syntax for late-bound function argument defaults,
670,PEP 670 – Convert macros to functions in the Python C API,
669,PEP 669 – Low Impact Monitoring for CPython,
667,PEP 667 – Consistent views of namespaces,
668,PEP 668 – Marking Python base environments as “externally managed”,
666,PEP 666 – Reject Foolish Indentation,
664,PEP 664 – Python 3.11 Release Schedule,
665,PEP 665 – A file format to list Python dependencies for reproducibility of an application,
657,PEP 657 – Include Fine Grained Error Locations in Tracebacks,
656,PEP 656 – Platform Tag for Linux Distributions Using Musl,
655,PEP 655 – Marking individual TypedDict items as required or potentially-missing,
653,PEP 653 – Precise Semantics for Pattern Matching,
654,PEP 654 – Exception Groups and except*,
652,PEP 652 – Maintaining the Stable ABI,
648,PEP 648 – Extensible customizations of the interpreter at startup,
651,PEP 651 – Robust Stack Overflow Handling,
650,PEP 650 – Specifying Installer Requirements for Python Projects,
649,PEP 649 – Deferred Evaluation Of Annotations Using Descriptors,
644,PEP 644 – Require OpenSSL 1.1.1 or newer,
645,PEP 645 – Allow writing optional types as,
646,PEP 646 – Variadic Generics,
643,PEP 643 – Metadata for Package Source Distributions,
647,PEP 647 – User-Defined Type Guards,
638,PEP 638 – Syntactic Macros,
641,PEP 641 – Using an underscore in the version portion of Python 3.10 compatibility tags,
639,PEP 639 – Improving License Clarity with Better Package Metadata,
636,PEP 636 – Structural Pattern Matching: Tutorial,
637,PEP 637 – Support for indexing with keyword arguments,
642,PEP 642 – Explicit Pattern Syntax for Structural Pattern Matching,
635,PEP 635 – Structural Pattern Matching: Motivation and Rationale,
634,PEP 634 – Structural Pattern Matching: Specification,
633,PEP 633 – Dependency specification in pyproject.toml using an exploded TOML table,
630,PEP 630 – Isolating Extension Modules,
631,PEP 631 – Dependency specification in pyproject.toml based on PEP 508,
629,PEP 629 – Versioning PyPI’s Simple API,
632,PEP 632 – Deprecate distutils module,
628,PEP 628 – Add,
624,PEP 624 – Remove Py_UNICODE encoder APIs,
623,PEP 623 – Remove wstr from Unicode,
627,PEP 627 – Recording installed projects,
620,PEP 620 – Hide implementation details from the C API,
625,PEP 625 – Filename of a Source Distribution,
622,PEP 622 – Structural Pattern Matching,
626,PEP 626 – Precise line numbers for debugging and other tools.,
619,PEP 619 – Python 3.10 Release Schedule,
617,PEP 617 – New PEG parser for CPython,
618,PEP 618 – Add Optional Length-Checking To zip,
621,PEP 621 – Storing project metadata in pyproject.toml,
616,PEP 616 – String methods to remove prefixes and suffixes,
614,PEP 614 – Relaxing Grammar Restrictions On Decorators,
613,PEP 613 – Explicit Type Aliases,
615,PEP 615 – Support for the IANA Time Zone Database in the Standard Library,
612,PEP 612 – Parameter Specification Variables,
610,PEP 610 – Recording the Direct URL Origin of installed distributions,
609,PEP 609 – Python Packaging Authority (PyPA) Governance,
611,PEP 611 – The one million limit,
608,PEP 608 – Coordinated Python release,
607,PEP 607 – Reducing CPython’s Feature Delivery Latency,
604,PEP 604 – Allow writing union types as,
602,PEP 602 – Annual Release Cycle for Python,
606,PEP 606 – Python Compatibility Version,
603,PEP 603 – Adding a frozenmap type to collections,
601,PEP 601 – Forbid return/break/continue breaking out of finally,
605,PEP 605 – A rolling feature release stream for CPython,
600,PEP 600 – Future ‘manylinux’ Platform Tags for Portable Linux Built Distributions,
599,PEP 599 – The manylinux2014 Platform Tag,
598,PEP 598 – Introducing incremental feature releases,
597,PEP 597 – Add optional EncodingWarning,
595,PEP 595 – Improving bugs.python.org,
594,PEP 594 – Removing dead batteries from the standard library,
596,PEP 596 – Python 3.9 Release Schedule,
591,PEP 591 – Adding a final qualifier to typing,
592,PEP 592 – Adding “Yank” Support to the Simple API,
593,PEP 593 – Flexible function and variable annotations,
590,PEP 590 – Vectorcall: a fast calling protocol for CPython,
589,PEP 589 – TypedDict: Type Hints for Dictionaries with a Fixed Set of Keys,
588,PEP 588 – GitHub Issues Migration Plan,
587,PEP 587 – Python Initialization Configuration,
585,PEP 585 – Type Hinting Generics In Standard Collections,
584,PEP 584 – Add Union Operators To dict,
586,PEP 586 – Literal Types,
583,PEP 583 – A Concurrency Memory Model for Python,
581,PEP 581 – Using GitHub Issues for CPython,
582,PEP 582 – Python local packages directory,
580,PEP 580 – The C call protocol,
579,PEP 579 – Refactoring C functions and methods,
578,PEP 578 – Python Runtime Audit Hooks,
576,PEP 576 – Rationalize Built-in function classes,
577,PEP 577 – Augmented Assignment Expressions,
575,PEP 575 – Unifying function/method classes,
573,PEP 573 – Module State Access from C Extension Methods,
572,PEP 572 – Assignment Expressions,
574,PEP 574 – Pickle protocol 5 with out-of-band data,
571,PEP 571 – The manylinux2010 Platform Tag,
569,PEP 569 – Python 3.8 Release Schedule,
567,PEP 567 – Context Variables,
570,PEP 570 – Python Positional-Only Parameters,
568,PEP 568 – Generator-sensitivity for Context Variables,
565,PEP 565 – Show DeprecationWarning in __main__,
563,PEP 563 – Postponed Evaluation of Annotations,
562,PEP 562 – Module __getattr__ and __dir__,
561,PEP 561 – Distributing and Packaging Type Information,
566,PEP 566 – Metadata for Python Software Packages 2.1,
560,PEP 560 – Core support for typing module and generic types,
559,PEP 559 – Built-in noop(),
564,PEP 564 – Add new time functions with nanosecond resolution,
558,PEP 558 – Defined semantics for locals(),
557,PEP 557 – Data Classes,
556,PEP 556 – Threaded garbage collection,
554,PEP 554 – Multiple Interpreters in the Stdlib,
553,PEP 553 – Built-in breakpoint(),
552,PEP 552 – Deterministic pycs,
555,PEP 555 – Context-local variables (contextvars),
551,PEP 551 – Security transparency in the Python runtime,
549,PEP 549 – Instance Descriptors,
550,PEP 550 – Execution Context,
547,PEP 547 – Running extension modules using the -m option,
548,PEP 548 – More Flexible Loop Control,
546,PEP 546 – Backport ssl.MemoryBIO and ssl.SSLObject to Python 2.7,
545,PEP 545 – Python Documentation Translations,
542,PEP 542 – Dot Notation Assignment In Function Header,
544,PEP 544 – Protocols: Structural subtyping (static duck typing),
541,PEP 541 – Package Index Name Retention,
543,PEP 543 – A Unified TLS API for Python,
540,PEP 540 – Add a new UTF-8 Mode,
539,PEP 539 – A New C-API for Thread-Local Storage in CPython,
538,PEP 538 – Coercing the legacy C locale to a UTF-8 based locale,
536,PEP 536 – Final Grammar for Literal String Interpolation,
537,PEP 537 – Python 3.7 Release Schedule,
535,PEP 535 – Rich comparison chaining,
534,PEP 534 – Improved Errors for Missing Standard Library Modules,
533,PEP 533 – Deterministic cleanup for iterators,
531,PEP 531 – Existence checking operators,
532,PEP 532 – A circuit breaking protocol and binary operators,
530,PEP 530 – Asynchronous Comprehensions,
529,PEP 529 – Change Windows filesystem encoding to UTF-8,
528,PEP 528 – Change Windows console encoding to UTF-8,
525,PEP 525 – Asynchronous Generators,
527,PEP 527 – Removing Un(der)used file types/extensions on PyPI,
523,PEP 523 – Adding a frame evaluation API to CPython,
521,PEP 521 – Managing global context via ‘with’ blocks in generators and coroutines,
524,PEP 524 – Make os.urandom() blocking on Linux,
522,PEP 522 – Allow BlockingIOError in security sensitive APIs,
519,PEP 519 – Adding a file system path protocol,
520,PEP 520 – Preserving Class Attribute Definition Order,
518,PEP 518 – Specifying Minimum Build System Requirements for Python Projects,
526,PEP 526 – Syntax for Variable Annotations,
517,PEP 517 – A build-system independent format for source trees,
516,PEP 516 – Build system abstraction for pip/conda etc,
515,PEP 515 – Underscores in Numeric Literals,
514,PEP 514 – Python registration in the Windows registry,
512,PEP 512 – Migrating from hg.python.org to GitHub,
511,PEP 511 – API for code transformers,
513,PEP 513 – A Platform Tag for Portable Linux Built Distributions,
510,PEP 510 – Specialize functions with guards,
509,PEP 509 – Add a private version to dict,
507,PEP 507 – Migrate CPython to Git and GitLab,
508,PEP 508 – Dependency specification for Python Software Packages,
506,PEP 506 – Adding A Secrets Module To The Standard Library,
503,PEP 503 – Simple Repository API,
505,PEP 505 – None-aware operators,
504,PEP 504 – Using the System RNG by default,
500,PEP 500 – A protocol for delegating datetime methods to their tzinfo implementations,
501,PEP 501 – General purpose string interpolation,
502,PEP 502 – String Interpolation - Extended Discussion,
498,PEP 498 – Literal String Interpolation,
497,PEP 497 – A standard mechanism for backward compatibility,
499,PEP 499 –,
495,PEP 495 – Local Time Disambiguation,
496,PEP 496 – Environment Markers,
494,PEP 494 – Python 3.6 Release Schedule,
488,PEP 488 – Elimination of PYO files,
491,PEP 491 – The Wheel Binary Package Format 1.9,
490,PEP 490 – Chain exceptions at C level,
489,PEP 489 – Multi-phase extension module initialization,
486,PEP 486 – Make the Python Launcher aware of virtual environments,
487,PEP 487 – Simpler customisation of class creation,
492,PEP 492 – Coroutines with async and await syntax,
485,PEP 485 – A Function for testing approximate equality,
483,PEP 483 – The Theory of Type Hints,
482,PEP 482 – Literature Overview for Type Hints,
481,"PEP 481 – Migrate CPython to Git, Github, and Phabricator",
484,PEP 484 – Type Hints,
480,PEP 480 – Surviving a Compromise of PyPI: End-to-end signing of packages,
478,PEP 478 – Python 3.5 Release Schedule,
477,PEP 477 – Backport ensurepip (PEP 453) to Python 2.7,
479,PEP 479 – Change StopIteration handling inside generators,
476,PEP 476 – Enabling certificate verification by default for stdlib http clients,
475,PEP 475 – Retry system calls failing with EINTR,
474,PEP 474 – Creating forge.python.org,
473,PEP 473 – Adding structured data to built-in exceptions,
472,PEP 472 – Support for indexing with keyword arguments,
469,PEP 469 – Migration of dict iteration code to Python 3,
468,PEP 468 – Preserving the order of **kwargs in a function.,
467,PEP 467 – Minor API improvements for binary sequences,
465,PEP 465 – A dedicated infix operator for matrix multiplication,
464,PEP 464 – Removal of the PyPI Mirror Authenticity API,
471,PEP 471 – os.scandir() function – a better and faster directory iterator,
470,PEP 470 – Removing External Hosting Support on PyPI,
466,PEP 466 – Network Security Enhancements for Python 2.7.x,
463,PEP 463 – Exception-catching expressions,
462,PEP 462 – Core development workflow automation for CPython,
461,PEP 461 – Adding % formatting to bytes and bytearray,
460,PEP 460 – Add binary interpolation and formatting,
459,PEP 459 – Standard Metadata Extensions for Python Software Packages,
457,PEP 457 – Notation For Positional-Only Parameters,
456,PEP 456 – Secure and interchangeable hash algorithm,
458,PEP 458 – Secure PyPI downloads with signed repository metadata,
455,PEP 455 – Adding a key-transforming dictionary to collections,
454,PEP 454 – Add a new tracemalloc module to trace Python memory allocations,
452,PEP 452 – API for Cryptographic Hash Functions v2.0,
453,PEP 453 – Explicit bootstrapping of pip in Python installations,
449,PEP 449 – Removal of the PyPI Mirror Auto Discovery and Naming Scheme,
450,PEP 450 – Adding A Statistics Module To The Standard Library,
451,PEP 451 – A ModuleSpec Type for the Import System,
447,PEP 447 – Add __getdescriptor__ method to metaclass,
446,PEP 446 – Make newly created file descriptors non-inheritable,
445,PEP 445 – Add new APIs to customize Python memory allocators,
448,PEP 448 – Additional Unpacking Generalizations,
444,PEP 444 – Python Web3 Interface,
443,PEP 443 – Single-dispatch generic functions,
442,PEP 442 – Safe object finalization,
441,PEP 441 – Improving Python ZIP Application Support,
439,PEP 439 – Inclusion of implicit pip bootstrap in Python installation,
438,PEP 438 – Transitioning to release-file hosting on PyPI,
440,PEP 440 – Version Identification and Dependency Specification,
436,PEP 436 – The Argument Clinic DSL,
437,"PEP 437 – A DSL for specifying signatures, annotations and argument converters",
435,PEP 435 – Adding an Enum type to the Python standard library,
434,PEP 434 – IDLE Enhancement Exception for All Branches,
431,PEP 431 – Time zone support improvements,
433,PEP 433 – Easier suppression of file descriptor inheritance,
430,PEP 430 – Migrating to Python 3 as the default online documentation,
432,PEP 432 – Restructuring the CPython startup sequence,
429,PEP 429 – Python 3.4 Release Schedule,
427,PEP 427 – The Wheel Binary Package Format 1.0,
428,PEP 428 – The pathlib module – object-oriented filesystem paths,
426,PEP 426 – Metadata for Python Software Packages 2.0,
425,PEP 425 – Compatibility Tags for Built Distributions,
424,PEP 424 – A method for exposing a length hint,
423,PEP 423 – Naming conventions and recipes related to packaging,
422,PEP 422 – Simpler customisation of class creation,
420,PEP 420 – Implicit Namespace Packages,
421,PEP 421 – Adding sys.implementation,
419,PEP 419 – Protecting cleanup statements from interruptions,
418,"PEP 418 – Add monotonic time, performance counter, and process time functions",
415,PEP 415 – Implement context suppression with exception attributes,
417,PEP 417 – Including mock in the Standard Library,
416,PEP 416 – Add a frozendict builtin type,
413,PEP 413 – Faster evolution of the Python Standard Library,
414,PEP 414 – Explicit Unicode Literal for Python 3.3,
412,PEP 412 – Key-Sharing Dictionary,
411,PEP 411 – Provisional packages in the Python standard library,
410,PEP 410 – Use decimal.Decimal type for timestamps,
409,PEP 409 – Suppressing exception context,
405,PEP 405 – Python Virtual Environments,
404,PEP 404 – Python 2.8 Un-release Schedule,
406,PEP 406 – Improved Encapsulation of Import State,
408,PEP 408 – Standard library __preview__ package,
407,PEP 407 – New release cycle and introducing long-term support versions,
401,PEP 401 – BDFL Retirement,
398,PEP 398 – Python 3.3 Release Schedule,
397,PEP 397 – Python launcher for Windows,
402,PEP 402 – Simplified Package Layout and Partitioning,
400,PEP 400 – Deprecate codecs.StreamReader and codecs.StreamWriter,
399,PEP 399 – Pure Python/C Accelerator Module Compatibility Requirements,
396,PEP 396 – Module Version Numbers,
403,PEP 403 – General purpose decorator clause (aka “@in” clause),
395,PEP 395 – Qualified Names for Modules,
394,PEP 394 – The “python” Command on Unix-Like Systems,
393,PEP 393 – Flexible String Representation,
392,PEP 392 – Python 3.2 Release Schedule,
391,PEP 391 – Dictionary-Based Configuration For Logging,
390,PEP 390 – Static metadata for Distutils,
389,PEP 389 – argparse - New Command Line Parsing Module,
387,PEP 387 – Backwards Compatibility Policy,
386,PEP 386 – Changing the version comparison module in Distutils,
385,PEP 385 – Migrating from Subversion to Mercurial,
384,PEP 384 – Defining a Stable ABI,
383,PEP 383 – Non-decodable Bytes in System Character Interfaces,
382,PEP 382 – Namespace Packages,
381,PEP 381 – Mirroring infrastructure for PyPI,
380,PEP 380 – Syntax for Delegating to a Subgenerator,
379,PEP 379 – Adding an Assignment Expression,
378,PEP 378 – Format Specifier for Thousands Separator,
377,PEP 377 – Allow __enter__() methods to skip the statement body,
376,PEP 376 – Database of Installed Python Distributions,
375,PEP 375 – Python 3.1 Release Schedule,
373,PEP 373 – Python 2.7 Release Schedule,
372,PEP 372 – Adding an ordered dictionary to collections,
374,PEP 374 – Choosing a distributed VCS for the Python project,
370,PEP 370 – Per user site-packages directory,
371,PEP 371 – Addition of the multiprocessing package to the standard library,
369,PEP 369 – Post import hooks,
368,PEP 368 – Standard image protocol and class,
366,PEP 366 – Main module explicit relative imports,
365,PEP 365 – Adding the pkg_resources module,
367,PEP 367 – New Super,
364,PEP 364 – Transitioning to the Py3K Standard Library,
363,PEP 363 – Syntax For Dynamic Attribute Access,
361,PEP 361 – Python 2.6 and 3.0 Release Schedule,
360,PEP 360 – Externally Maintained Packages,
362,PEP 362 – Function Signature Object,
359,PEP 359 – The “make” Statement,
358,PEP 358 – The “bytes” Object,
357,PEP 357 – Allowing Any Object to be Used for Slicing,
356,PEP 356 – Python 2.5 Release Schedule,
355,PEP 355 – Path - Object oriented filesystem paths,
354,PEP 354 – Enumerations in Python,
353,PEP 353 – Using ssize_t as the index type,
352,PEP 352 – Required Superclass for Exceptions,
348,PEP 348 – Exception Reorganization for Python 3.0,
351,PEP 351 – The freeze protocol,
350,PEP 350 – Codetags,
349,PEP 349 – Allow str() to return unicode strings,
347,PEP 347 – Migrating the Python CVS to Subversion,
346,PEP 346 – User Defined (”,
345,PEP 345 – Metadata for Python Software Packages 1.2,
344,PEP 344 – Exception Chaining and Embedded Tracebacks,
343,PEP 343 – The “with” Statement,
342,PEP 342 – Coroutines via Enhanced Generators,
341,PEP 341 – Unifying try-except and try-finally,
340,PEP 340 – Anonymous Block Statements,
339,PEP 339 – Design of the CPython Compiler,
338,PEP 338 – Executing modules as scripts,
337,PEP 337 – Logging Usage in the Standard Library,
335,PEP 335 – Overloadable Boolean Operators,
336,PEP 336 – Make None Callable,
334,PEP 334 – Simple Coroutines via SuspendIteration,
332,PEP 332 – Byte vectors and String/Unicode Unification,
331,PEP 331 – Locale-Independent Float/String Conversions,
330,PEP 330 – Python Bytecode Verification,
329,PEP 329 – Treating Builtins as Constants in the Standard Library,
333,PEP 333 – Python Web Server Gateway Interface v1.0,
327,PEP 327 – Decimal Data Type,
328,PEP 328 – Imports: Multi-Line and Absolute/Relative,
326,PEP 326 – A Case for Top and Bottom Values,
323,PEP 323 – Copyable Iterators,
322,PEP 322 – Reverse Iteration,
321,PEP 321 – Date/Time Parsing and Formatting,
320,PEP 320 – Python 2.4 Release Schedule,
318,PEP 318 – Decorators for Functions and Methods,
317,PEP 317 – Eliminate Implicit Exception Instantiation,
319,PEP 319 – Python Synchronize/Asynchronize Block,
316,PEP 316 – Programming by Contract for Python,
315,PEP 315 – Enhanced While Loop,
314,PEP 314 – Metadata for Python Software Packages 1.1,
313,PEP 313 – Adding Roman Numeral Literals to Python,
312,PEP 312 – Simple Implicit Lambda,
311,PEP 311 – Simplified Global Interpreter Lock Acquisition for Extensions,
325,PEP 325 – Resource-Release Support for Generators,
309,PEP 309 – Partial Function Application,
310,PEP 310 – Reliable Acquisition/Release Pairs,
308,PEP 308 – Conditional Expressions,
307,PEP 307 – Extensions to the pickle protocol,
306,PEP 306 – How to Change Python’s Grammar,
305,PEP 305 – CSV File API,
303,PEP 303 – Extend divmod() for Multiple Divisors,
304,PEP 304 – Controlling Generation of Bytecode Files,
302,PEP 302 – New Import Hooks,
299,PEP 299 – Special __main__() function in modules,
301,PEP 301 – Package Index and Metadata for Distutils,Either “success” or “fail”.
298,PEP 298 – The Locked Buffer Interface,
297,PEP 297 – Support for System Upgrades,
296,PEP 296 – Adding a bytes Object Type,
295,PEP 295 – Interpretation of multiline string constants,
294,PEP 294 – Type Names in the types Module,
293,PEP 293 – Codec Error Handling Callbacks,
292,PEP 292 – Simpler String Substitutions,
291,PEP 291 – Backward Compatibility for the Python 2 Standard Library,
290,PEP 290 – Code Migration and Modernization,
289,PEP 289 – Generator Expressions,
288,PEP 288 – Generators Attributes and Exceptions,
286,PEP 286 – Enhanced Argument Tuples,
287,PEP 287 – reStructuredText Docstring Format,
285,PEP 285 – Adding a bool type,
284,PEP 284 – Integer for-loops,
283,PEP 283 – Python 2.3 Release Schedule,
281,PEP 281 – Loop Counter Iteration with range and xrange,
282,PEP 282 – A Logging System,
280,PEP 280 – Optimizing access to globals,
279,PEP 279 – The enumerate() built-in function,
278,PEP 278 – Universal Newline Support,
277,PEP 277 – Unicode file name support for Windows NT,
276,PEP 276 – Simple Iterator for ints,
274,PEP 274 – Dict Comprehensions,
275,PEP 275 – Switching on Multiple Values,
273,PEP 273 – Import Modules from Zip Archives,
272,PEP 272 – API for Block Encryption Algorithms v1.0,
269,PEP 269 – Pgen Module for Python,
270,PEP 270 – uniq method for list objects,
271,PEP 271 – Prefixing sys.path by command line option,
268,PEP 268 – Extended HTTP functionality and WebDAV,
264,PEP 264 – Future statements in simulated shells,
265,PEP 265 – Sorting Dictionaries by Value,
267,PEP 267 – Optimized Access to Module Namespaces,
266,PEP 266 – Optimizing Global Variable/Attribute Access,
263,PEP 263 – Defining Python Source Code Encodings,
260,PEP 260 – Simplify xrange(),
262,PEP 262 – A Database of Installed Python Packages,
261,PEP 261 – Support for “wide” Unicode characters,
259,PEP 259 – Omit printing newline after newline,
258,PEP 258 – Docutils Design Specification,
256,PEP 256 – Docstring Processing System Framework,
257,PEP 257 – Docstring Conventions,
255,PEP 255 – Simple Generators,
254,PEP 254 – Making Classes Look More Like Types,
251,PEP 251 – Python 2.2 Release Schedule,
252,PEP 252 – Making Types Look More Like Classes,
249,PEP 249 – Python Database API Specification v2.0,
253,PEP 253 – Subtyping Built-in Types,
247,PEP 247 – API for Cryptographic Hash Functions,
250,PEP 250 – Using site-packages on Windows,
248,PEP 248 – Python Database API Specification v1.0,
246,PEP 246 – Object Adaptation,
245,PEP 245 – Python Interface Syntax,
244,PEP 244 – The,
240,PEP 240 – Adding a Rational Literal to Python,
243,PEP 243 – Module Repository Upload Mechanism,
239,PEP 239 – Adding a Rational Type to Python,
242,PEP 242 – Numeric Kinds,
241,PEP 241 – Metadata for Python Software Packages,
237,PEP 237 – Unifying Long Integers and Integers,
238,PEP 238 – Changing the Division Operator,
236,PEP 236 – Back to the __future__,
235,PEP 235 – Import on Case-Insensitive Platforms,
233,PEP 233 – Python Online Help,
234,PEP 234 – Iterators,
232,PEP 232 – Function Attributes,
229,PEP 229 – Using Distutils to Build Python,
231,PEP 231 – __findattr__(),
230,PEP 230 – Warning Framework,
228,PEP 228 – Reworking Python’s Numeric Model,
227,PEP 227 – Statically Nested Scopes,
225,PEP 225 – Elementwise/Objectwise Operators,
226,PEP 226 – Python 2.1 Release Schedule,
223,PEP 223 – Change the Meaning of,
224,PEP 224 – Attribute Docstrings,
222,PEP 222 – Web Library Enhancements,
221,PEP 221 – Import As,
219,PEP 219 – Stackless Python,
218,PEP 218 – Adding a Built-In Set Object Type,
220,"PEP 220 – Coroutines, Generators, Continuations",
217,PEP 217 – Display Hook for Interactive Use,
216,PEP 216 – Docstring Format,
215,PEP 215 – String Interpolation,
214,PEP 214 – Extended Print Statement,
212,PEP 212 – Loop Counter Iteration,
213,PEP 213 – Attribute Access Handlers,
211,PEP 211 – Adding A New Outer Product Operator,
209,PEP 209 – Multi-dimensional Arrays,
210,PEP 210 – Decoupling the Interpreter Loop,
208,PEP 208 – Reworking the Coercion Model,
206,PEP 206 – Python Advanced Library,
205,PEP 205 – Weak References,
207,PEP 207 – Rich Comparisons,
10,PEP 10 – Voting Guidelines,
9,PEP 9 – Sample Plaintext PEP Template,
7,PEP 7 – Style Guide for C Code,
8,PEP 8 – Style Guide for Python Code,
6,PEP 6 – Bug Fix Releases,
5,PEP 5 – Guidelines for Language Evolution,
3,PEP 3 – Guidelines for Handling Bug Reports,
2,PEP 2 – Procedure for Adding New Modules,
4,PEP 4 – Deprecation of Standard Modules,
